Workbook

Sheet Οδηγίες
A1: ΠΡΟΓΡΑΜΜΑ ΝΑΥΑΓΟΣΩΣΤΩΝ – Οδηγίες
A3: ΤΙ ΦΤΙΑΞΑΜΕ
A4: Ένα εβδομαδιαίο πρόγραμμα για 6 ναυαγοσώστες: Γιάννης, Γιώτα, Ραφαήλ, Άρης, Οδυσσέας, Κώστας — σε 4 θέσεις: Μπουσουλάς, Infinity Pool, Main Pool, Splash Pool. Οι ημερομηνίες ενημερώνονται μόνες τους κάθε εβδομάδα (ξεκινούν πάντα από την επόμενη/τρέχουσα Δευτέρα).
A6: ΚΑΝΟΝΕΣ ΠΟΥ ΕΧΟΥΝ ΚΩΔΙΚΟΠΟΙΗΘΕΙ
A7: • Ο Γιάννης είναι πάντα στον Μπουσουλάς όποτε δουλεύει.
A8: • Ο Οδυσσέας είναι πάντα στο Infinity Pool όποτε δουλεύει.
A9: • Καθένας δουλεύει 6 μέρες/εβδομάδα, δηλ. έχει 1 ρεπό/εβδομάδα (ρυθμίζεται στο φύλλο «Παράμετροι»).
A10: • Την ημέρα ΠΡΙΝ το δικό του ρεπό, ο καθένας κάνει «Άνοιγμα» (πρωινή βάρδια 9:00-17:30). Τις υπόλοιπες εργάσιμες μέρες κάνει «Κλείσιμο» (10:30-19:00).
A11: • Εξαίρεση: τις κανονικές του μέρες (όχι πριν το ρεπό) ο Γιάννης δουλεύει 9:30-18:00 στον Μπουσουλάς.
A12: • Στο ρεπό του Γιάννη, ο Οδυσσέας καλύπτει τον Μπουσουλάς (κι έτσι το Infinity Pool μένει χωρίς τον Οδυσσέα εκείνη τη μέρα).
A13: • Όποτε ο Οδυσσέας λείπει από το Infinity Pool (ρεπό ή κάλυψη παραλίας), το Infinity Pool καλύπτεται από τον ναυαγοσώστη που έχεις ορίσει στο πεδίο «Κάλυψη Infinity Pool».
A14: • Οι υπόλοιποι (Γιώτα, Ραφαήλ, Άρης, Κώστας) εναλλάσσονται στο Main Pool και στο Splash Pool.
... A29: Αν κάτι δεν σε καλύπτει, μπορείς να γράψεις χειροκίνητα πάνω σε οποιοδήποτε κελί του «Εβδομαδιαίου Προγράμματος».

Sheet Παράμετροι
A1: ΠΑΡΑΜΕΤΡΟΙ ΠΡΟΓΡΑΜΜΑΤΟΣ
A3: Εβδομάδα από (Δευτέρα) | B3: =TODAY()-WEEKDAY(TODAY(),2)+1
A6: Ναυαγοσώστης | B6: Ρεπό (ημέρα)
A7: Γιάννης | B7: Κυριακή
A8: Γιώτα | B8: Δευτέρα
A9: Ραφαήλ | B9: Τρίτη
A10: Άρης | B10: Τετάρτη
A11: Οδυσσέας | B11: Πέμπτη
A12: Κώστας | B12: Παρασκευή
A14: Κάλυψη Infinity Pool | B14: Ραφαήλ
A15: Εφεδρικός Ανοίγματος | B15: Κώστας
A17: Ώρες Άνοιγμα | B17: 9:00-17:30
A18: Ώρες Κλείσιμο | B18: 10:30-19:00
A19: Γιάννης (κανονικά) | B19: 9:30-18:00

Sheet Εβδομαδιαίο Πρόγραμμα
A1: ΕΒΔΟΜΑΔΙΑΙΟ ΠΡΟΓΡΑΜΜΑ
A3: Ημέρα | B3: Ημ/νία | C3: Δευτέρα | D3: Τρίτη | E3: Τετάρτη | F3: Πέμπτη | G3: Παρασκευή | H3: Σάββατο | I3: Κυριακή
C4: =Παράμετροι!$B$3 | D4: =C4+1 | E4: =D4+1 | F4: =E4+1 | G4: =F4+1 | H4: =G4+1 | I4: =H4+1
A11: ΦΥΣΙΚΕΣ ΒΑΡΔΙΕΣ
A12: Γιάννης | C12: =IF(C$3=Παράμετροι!$B$7,"Ρεπό",IF(D$3=Παράμετροι!$B$7,"Άνοιγμα","Κλείσιμο")) | D12: =IF(D$3=Παράμετροι!$B$7,"Ρεπό",IF(E$3=Παράμετροι!$B$7,"Άνοιγμα","Κλείσιμο")) | E12: =IF(E$3=Παράμετροι!$B$7,"Ρεπό",IF(F$3=Παράμετροι!$B$7,"Άνοιγμα","Κλείσιμο")) | F12: =IF(F$3=Παράμετροι!$B$7,"Ρεπό",IF(G$3=Παράμετροι!$B$7,"Άνοιγμα","Κλείσιμο")) | G12: =IF(G$3=Παράμετροι!$B$7,"Ρεπό",IF(H$3=Παράμετροι!$B$7,"Άνοιγμα","Κλείσιμο")) | H12: =IF(H$3=Παράμετροι!$B$7,"Ρεπό",IF(I$3=Παράμετροι!$B$7,"Άνοιγμα","Κλείσιμο")) | I12: =IF(I$3=Παράμετροι!$B$7,"Ρεπό",IF(C$3=Παράμετροι!$B$7,"Άνοιγμα","Κλείσιμο"))
A13: Γιώτα | C13: =IF(C$3=Παράμετροι!$B$8,"Ρεπό",IF(D$3=Παράμετροι!$B$8,"Άνοιγμα","Κλείσιμο")) | D13: =IF(D$3=Παράμετροι!$B$8,"Ρεπό",IF(E$3=Παράμετροι!$B$8,"Άνοιγμα","Κλείσιμο")) | E13: =IF(E$3=Παράμετροι!$B$8,"Ρεπό",IF(F$3=Παράμετροι!$B$8,"Άνοιγμα","Κλείσιμο")) | F13: =IF(F$3=Παράμετροι!$B$8,"Ρεπό",IF(G$3=Παράμετροι!$B$8,"Άνοιγμα","Κλείσιμο")) | G13: =IF(G$3=Παράμετροι!$B$8,"Ρεπό",IF(H$3=Παράμετροι!$B$8,"Άνοιγμα","Κλείσιμο")) | H13: =IF(H$3=Παράμετροι!$B$8,"Ρεπό",IF(I$3=Παράμετροι!$B$8,"Άνοιγμα","Κλείσιμο")) | I13: =IF(I$3=Παράμετροι!$B$8,"Ρεπό",IF(C$3=Παράμετροι!$B$8,"Άνοιγμα","Κλείσιμο"))
A14: Ραφαήλ | C14: =IF(C$3=Παράμετροι!$B$9,"Ρεπό",IF(D$3=Παράμετροι!$B$9,"Άνοιγμα","Κλείσιμο")) | D14: =IF(D$3=Παράμετροι!$B$9,"Ρεπό",IF(E$3=Παράμετροι!$B$9,"Άνοιγμα","Κλείσιμο")) | E14: =IF(E$3=Παράμετροι!$B$9,"Ρεπό",IF(F$3=Παράμετροι!$B$9,"Άνοιγμα","Κλείσιμο")) | F14: =IF(F$3=Παράμετροι!$B$9,"Ρεπό",IF(G$3=Παράμετροι!$B$9,"Άνοιγμα","Κλείσιμο")) | G14: =IF(G$3=Παράμετροι!$B$9,"Ρεπό",IF(H$3=Παράμετροι!$B$9,"Άνοιγμα","Κλείσιμο")) | H14: =IF(H$3=Παράμετροι!$B$9,"Ρεπό",IF(I$3=Παράμετροι!$B$9,"Άνοιγμα","Κλείσιμο")) | I14: =IF(I$3=Παράμετροι!$B$9,"Ρεπό",IF(C$3=Παράμετροι!$B$9,"Άνοιγμα","Κλείσιμο"))
A15: Άρης | C15: =IF(C$3=Παράμετροι!$B$10,"Ρεπό",IF(D$3=Παράμετροι!$B$10,"Άνοιγμα","Κλείσιμο")) | D15: =IF(D$3=Παράμετροι!$B$10,"Ρεπό",IF(E$3=Παράμετροι!$B$10,"Άνοιγμα","Κλείσιμο")) | E15: =IF(E$3=Παράμετροι!$B$10,"Ρεπό",IF(F$3=Παράμετροι!$B$10,"Άνοιγμα","Κλείσιμο")) | F15: =IF(F$3=Παράμετροι!$B$10,"Ρεπό",IF(G$3=Παράμετροι!$B$10,"Άνοιγμα","Κλείσιμο")) | G15: =IF(G$3=Παράμετροι!$B$10,"Ρεπό",IF(H$3=Παράμετροι!$B$10,"Άνοιγμα","Κλείσιμο")) | H15: =IF(H$3=Παράμετροι!$B$10,"Ρεπό",IF(I$3=Παράμετροι!$B$10,"Άνοιγμα","Κλείσιμο")) | I15: =IF(I$3=Παράμετροι!$B$10,"Ρεπό",IF(C$3=Παράμετροι!$B$10,"Άνοιγμα","Κλείσιμο"))
A16: Οδυσσέας | C16: =IF(C$3=Παράμετροι!$B$11,"Ρεπό",IF(D$3=Παράμετροι!$B$11,"Άνοιγμα","Κλείσιμο")) | D16: =IF(D$3=Παράμετροι!$B$11,"Ρεπό",IF(E$3=Παράμετροι!$B$11,"Άνοιγμα","Κλείσιμο")) | E16: =IF(E$3=Παράμετροι!$B$11,"Ρεπό",IF(F$3=Παράμετροι!$B$11,"Άνοιγμα","Κλείσιμο")) | F16: =IF(F$3=Παράμετροι!$B$11,"Ρεπό",IF(G$3=Παράμετροι!$B$11,"Άνοιγμα","Κλείσιμο")) | G16: =IF(G$3=Παράμετροι!$B$11,"Ρεπό",IF(H$3=Παράμετροι!$B$11,"Άνοιγμα","Κλείσιμο")) | H16: =IF(H$3=Παράμετροι!$B$11,"Ρεπό",IF(I$3=Παράμετροι!$B$11,"Άνοιγμα","Κλείσιμο")) | I16: =IF(I$3=Παράμετροι!$B$11,"Ρεπό",IF(C$3=Παράμετροι!$B$11,"Άνοιγμα","Κλείσιμο"))
A17: Κώστας | C17: =IF(C$3=Παράμετροι!$B$12,"Ρεπό",IF(D$3=Παράμετροι!$B$12,"Άνοιγμα","Κλείσιμο")) | D17: =IF(D$3=Παράμετροι!$B$12,"Ρεπό",IF(E$3=Παράμετροι!$B$12,"Άνοιγμα","Κλείσιμο")) | E17: =IF(E$3=Παράμετροι!$B$12,"Ρεπό",IF(F$3=Παράμετροι!$B$12,"Άνοιγμα","Κλείσιμο")) | F17: =IF(F$3=Παράμετροι!$B$12,"Ρεπό",IF(G$3=Παράμετροι!$B$12,"Άνοιγμα","Κλείσιμο")) | G17: =IF(G$3=Παράμετροι!$B$12,"Ρεπό",IF(H$3=Παράμετροι!$B$12,"Άνοιγμα","Κλείσιμο")) | H17: =IF(H$3=Παράμετροι!$B$12,"Ρεπό",IF(I$3=Παράμετροι!$B$12,"Άνοιγμα","Κλείσιμο")) | I17: =IF(I$3=Παράμετροι!$B$12,"Ρεπό",IF(C$3=Παράμετροι!$B$12,"Άνοιγμα","Κλείσιμο"))
C18: =COUNTIF(C12:C17,"Άνοιγμα") | D18: =COUNTIF(D12:D17,"Άνοιγμα") | E18: =COUNTIF(E12:E17,"Άνοιγμα") | F18: =COUNTIF(F12:F17,"Άνοιγμα") | G18: =COUNTIF(G12:G17,"Άνοιγμα") | H18: =COUNTIF(H12:H17,"Άνοιγμα") | I18: =COUNTIF(I12:I17,"Άνοιγμα")
A19: ΤΕΛΙΚΕΣ ΒΑΡΔΙΕΣ
A20: Γιάννης | C20: =IF(C$3=Παράμετροι!$B$7,"Ρεπό",IF(D$3=Παράμετροι!$B$7,"Άνοιγμα",IF(AND(C$18=0,$A20=Παράμετροι!$B$15,C12="Κλείσιμο"),"Άνοιγμα",C12))) | D20: =IF(D$3=Παράμετροι!$B$7,"Ρεπό",IF(E$3=Παράμετροι!$B$7,"Άνοιγμα",IF(AND(D$18=0,$A20=Παράμετροι!$B$15,D12="Κλείσιμο"),"Άνοιγμα",D12))) | E20: =IF(E$3=Παράμετροι!$B$7,"Ρεπό",IF(F$3=Παράμετροι!$B$7,"Άνοιγμα",IF(AND(E$18=0,$A20=Παράμετροι!$B$15,E12="Κλείσιμο"),"Άνοιγμα",E12))) | F20: =IF(F$3=Παράμετροι!$B$7,"Ρεπό",IF(G$3=Παράμετροι!$B$7,"Άνοιγμα",IF(AND(F$18=0,$A20=Παράμετροι!$B$15,F12="Κλείσιμο"),"Άνοιγμα",F12))) | G20: =IF(G$3=Παράμετροι!$B$7,"Ρεπό",IF(H$3=Παράμετροι!$B$7,"Άνοιγμα",IF(AND(G$18=0,$A20=Παράμετροι!$B$15,G12="Κλείσιμο"),"Άνοιγμα",G12))) | H20: =IF(H$3=Παράμετροι!$B$7,"Ρεπό",IF(I$3=Παράμετροι!$B$7,"Άνοιγμα",IF(AND(H$18=0,$A20=Παράμετροι!$B$15,H12="Κλείσιμο"),"Άνοιγμα",H12))) | I20: =IF(I$3=Παράμετροι!$B$7,"Ρεπό",IF(C$3=Παράμετροι!$B$7,"Άνοιγμα",IF(AND(I$18=0,$A20=Παράμετροι!$B$15,I12="Κλείσιμο"),"Άνοιγμα",I12)))
A21: Γιώτα | C21: =IF(C$3=Παράμετροι!$B$8,"Ρεπό",IF(D$3=Παράμετροι!$B$8,"Άνοιγμα",IF(AND(C$18=0,$A21=Παράμετροι!$B$15,C13="Κλείσιμο"),"Άνοιγμα",C13))) | D21: =IF(D$3=Παράμετροι!$B$8,"Ρεπό",IF(E$3=Παράμετροι!$B$8,"Άνοιγμα",IF(AND(D$18=0,$A21=Παράμετροι!$B$15,D13="Κλείσιμο"),"Άνοιγμα",D13))) | E21: =IF(E$3=Παράμετροι!$B$8,"Ρεπό",IF(F$3=Παράμετροι!$B$8,"Άνοιγμα",IF(AND(E$18=0,$A21=Παράμετροι!$B$15,E13="Κλείσιμο"),"Άνοιγμα",E13))) | F21: =IF(F$3=Παράμετροι!$B$8,"Ρεπό",IF(G$3=Παράμετροι!$B$8,"Άνοιγμα",IF(AND(F$18=0,$A21=Παράμετροι!$B$15,F13="Κλείσιμο"),"Άνοιγμα",F13))) | G21: =IF(G$3=Παράμετροι!$B$8,"Ρεπό",IF(H$3=Παράμετροι!$B$8,"Άνοιγμα",IF(AND(G$18=0,$A21=Παράμετροι!$B$15,G13="Κλείσιμο"),"Άνοιγμα",G13))) | H21: =IF(H$3=Παράμετροι!$B$8,"Ρεπό",IF(I$3=Παράμετροι!$B$8,"Άνοιγμα",IF(AND(H$18=0,$A21=Παράμετροι!$B$15,H13="Κλείσιμο"),"Άνοιγμα",H13))) | I21: =IF(I$3=Παράμετροι!$B$8,"Ρεπό",IF(C$3=Παράμετροι!$B$8,"Άνοιγμα",IF(AND(I$18=0,$A21=Παράμετροι!$B$15,I13="Κλείσιμο"),"Άνοιγμα",I13)))
A22: Ραφαήλ | C22: =IF(C$3=Παράμετροι!$B$9,"Ρεπό",IF(D$3=Παράμετροι!$B$9,"Άνοιγμα",IF(AND(C$18=0,$A22=Παράμετροι!$B$15,C14="Κλείσιμο"),"Άνοιγμα",C14))) | D22: =IF(D$3=Παράμετροι!$B$9,"Ρεπό",IF(E$3=Παράμετροι!$B$9,"Άνοιγμα",IF(AND(D$18=0,$A22=Παράμετροι!$B$15,D14="Κλείσιμο"),"Άνοιγμα",D14))) | E22: =IF(E$3=Παράμετροι!$B$9,"Ρεπό",IF(F$3=Παράμετροι!$B$9,"Άνοιγμα",IF(AND(E$18=0,$A22=Παράμετροι!$B$15,E14="Κλείσιμο"),"Άνοιγμα",E14))) | F22: =IF(F$3=Παράμετροι!$B$9,"Ρεπό",IF(G$3=Παράμετροι!$B$9,"Άνοιγμα",IF(AND(F$18=0,$A22=Παράμετροι!$B$15,F14="Κλείσιμο"),"Άνοιγμα",F14))) | G22: =IF(G$3=Παράμετροι!$B$9,"Ρεπό",IF(H$3=Παράμετροι!$B$9,"Άνοιγμα",IF(AND(G$18=0,$A22=Παράμετροι!$B$15,G14="Κλείσιμο"),"Άνοιγμα",G14))) | H22: =IF(H$3=Παράμετροι!$B$9,"Ρεπό",IF(I$3=Παράμετροι!$B$9,"Άνοιγμα",IF(AND(H$18=0,$A22=Παράμετροι!$B$15,H14="Κλείσιμο"),"Άνοιγμα",H14))) | I22: =IF(I$3=Παράμετροι!$B$9,"Ρεπό",IF(C$3=Παράμετροι!$B$9,"Άνοιγμα",IF(AND(I$18=0,$A22=Παράμετροι!$B$15,I14="Κλείσιμο"),"Άνοιγμα",I14)))
A23: Άρης | C23: =IF(C$3=Παράμετροι!$B$10,"Ρεπό",IF(D$3=Παράμετροι!$B$10,"Άνοιγμα",IF(AND(C$18=0,$A23=Παράμετροι!$B$15,C15="Κλείσιμο"),"Άνοιγμα",C15))) | D23: =IF(D$3=Παράμετροι!$B$10,"Ρεπό",IF(E$3=Παράμετροι!$B$10,"Άνοιγμα",IF(AND(D$18=0,$A23=Παράμετροι!$B$15,D15="Κλείσιμο"),"Άνοιγμα",D15))) | E23: =IF(E$3=Παράμετροι!$B$10,"Ρεπό",IF(F$3=Παράμετροι!$B$10,"Άνοιγμα",IF(AND(E$18=0,$A23=Παράμετροι!$B$15,E15="Κλείσιμο"),"Άνοιγμα",E15))) | F23: =IF(F$3=Παράμετροι!$B$10,"Ρεπό",IF(G$3=Παράμετροι!$B$10,"Άνοιγμα",IF(AND(F$18=0,$A23=Παράμετροι!$B$15,F15="Κλείσιμο"),"Άνοιγμα",F15))) | G23: =IF(G$3=Παράμετροι!$B$10,"Ρεπό",IF(H$3=Παράμετροι!$B$10,"Άνοιγμα",IF(AND(G$18=0,$A23=Παράμετροι!$B$15,G15="Κλείσιμο"),"Άνοιγμα",G15))) | H23: =IF(H$3=Παράμετροι!$B$10,"Ρεπό",IF(I$3=Παράμετροι!$B$10,"Άνοιγμα",IF(AND(H$18=0,$A23=Παράμετροι!$B$15,H15="Κλείσιμο"),"Άνοιγμα",H15))) | I23: =IF(I$3=Παράμετροι!$B$10,"Ρεπό",IF(C$3=Παράμετροι!$B$10,"Άνοιγμα",IF(AND(I$18=0,$A23=Παράμετροι!$B$15,I15="Κλείσιμο"),"Άνοιγμα",I15)))
A24: Οδυσσέας | C24: =IF(C$3=Παράμετροι!$B$11,"Ρεπό",IF(D$3=Παράμετροι!$B$11,"Άνοιγμα",IF(AND(C$18=0,$A24=Παράμετροι!$B$15,C16="Κλείσιμο"),"Άνοιγμα",C16))) | D24: =IF(D$3=Παράμετροι!$B$11,"Ρεπό",IF(E$3=Παράμετροι!$B$11,"Άνοιγμα",IF(AND(D$18=0,$A24=Παράμετροι!$B$15,D16="Κλείσιμο"),"Άνοιγμα",D16))) | E24: =IF(E$3=Παράμετροι!$B$11,"Ρεπό",IF(F$3=Παράμετροι!$B$11,"Άνοιγμα",IF(AND(E$18=0,$A24=Παράμετροι!$B$15,E16="Κλείσιμο"),"Άνοιγμα",E16))) | F24: =IF(F$3=Παράμετροι!$B$11,"Ρεπό",IF(G$3=Παράμετροι!$B$11,"Άνοιγμα",IF(AND(F$18=0,$A24=Παράμετροι!$B$15,F16="Κλείσιμο"),"Άνοιγμα",F16))) | G24: =IF(G$3=Παράμετροι!$B$11,"Ρεπό",IF(H$3=Παράμετροι!$B$11,"Άνοιγμα",IF(AND(G$18=0,$A24=Παράμετροι!$B$15,G16="Κλείσιμο"),"Άνοιγμα",G16))) | H24: =IF(H$3=Παράμετροι!$B$11,"Ρεπό",IF(I$3=Παράμετροι!$B$11,"Άνοιγμα",IF(AND(H$18=0,$A24=Παράμετροι!$B$15,H16="Κλείσιμο"),"Άνοιγμα",H16))) | I24: =IF(I$3=Παράμετροι!$B$11,"Ρεπό",IF(C$3=Παράμετροι!$B$11,"Άνοιγμα",IF(AND(I$18=0,$A24=Παράμετροι!$B$15,I16="Κλείσιμο"),"Άνοιγμα",I16)))
A25: Κώστας | C25: =IF(C$3=Παράμετροι!$B$12,"Ρεπό",IF(D$3=Παράμετροι!$B$12,"Άνοιγμα",IF(AND(C$18=0,$A25=Παράμετροι!$B$15,C17="Κλείσιμο"),"Άνοιγμα",C17))) | D25: =IF(D$3=Παράμετροι!$B$12,"Ρεπό",IF(E$3=Παράμετροι!$B$12,"Άνοιγμα",IF(AND(D$18=0,$A25=Παράμετροι!$B$15,D17="Κλείσιμο"),"Άνοιγμα",D17))) | E25: =IF(E$3=Παράμετροι!$B$12,"Ρεπό",IF(F$3=Παράμετροι!$B$12,"Άνοιγμα",IF(AND(E$18=0,$A25=Παράμετροι!$B$15,E17="Κλείσιμο"),"Άνοιγμα",E17))) | F25: =IF(F$3=Παράμετροι!$B$12,"Ρεπό",IF(G$3=Παράμετροι!$B$12,"Άνοιγμα",IF(AND(F$18=0,$A25=Παράμετροι!$B$15,F17="Κλείσιμο"),"Άνοιγμα",F17))) | G25: =IF(G$3=Παράμετροι!$B$12,"Ρεπό",IF(H$3=Παράμετροι!$B$12,"Άνοιγμα",IF(AND(G$18=0,$A25=Παράμετροι!$B$15,G17="Κλείσιμο"),"Άνοιγμα",G17))) | H25: =IF(H$3=Παράμετροι!$B$12,"Ρεπό",IF(I$3=Παράμετροι!$B$12,"Άνοιγμα",IF(AND(H$18=0,$A25=Παράμετροι!$B$15,H17="Κλείσιμο"),"Άνοιγμα",H17))) | I25: =IF(I$3=Παράμετροι!$B$12,"Ρεπό",IF(C$3=Παράμετροι!$B$12,"Άνοιγμα",IF(AND(I$18=0,$A25=Παράμετροι!$B$15,I17="Κλείσιμο"),"Άνοιγμα",I17)))
A27: ΘΕΣΕΙΣ ΕΡΓΑΣΙΑΣ
A28: Μπουσουλάς | C28: =IF(C20<>"Ρεπό","Γιάννης",IF(C24<>"Ρεπό","Οδυσσέας","")) | D28: =IF(D20<>"Ρεπό","Γιάννης",IF(D24<>"Ρεπό","Οδυσσέας","")) | E28: =IF(E20<>"Ρεπό","Γιάννης",IF(E24<>"Ρεπό","Οδυσσέας","")) | F28: =IF(F20<>"Ρεπό","Γιάννης",IF(F24<>"Ρεπό","Οδυσσέας","")) | G28: =IF(G20<>"Ρεπό","Γιάννης",IF(G24<>"Ρεπό","Οδυσσέας","")) | H28: =IF(H20<>"Ρεπό","Γιάννης",IF(H24<>"Ρεπό","Οδυσσέας","")) | I28: =IF(I20<>"Ρεπό","Γιάννης",IF(I24<>"Ρεπό","Οδυσσέας",""))
A29: Infinity Pool | C29: =IF(AND(C20<>"Ρεπό",C24<>"Ρεπό"),"Οδυσσέας",IF(=IFERROR(INDEX(C20:C25,MATCH(Παράμετροι!$B$14,$A20:$A25,0)),"Ρεπό")<>"Ρεπό",Παράμετροι!$B$14,"")) | D29: =IF(AND(D20<>"Ρεπό",D24<>"Ρεπό"),"Οδυσσέας",IF(=IFERROR(INDEX(D20:D25,MATCH(Παράμετροι!$B$14,$A20:$A25,0)),"Ρεπό")<>"Ρεπό",Παράμετροι!$B$14,"")) | E29: =IF(AND(E20<>"Ρεπό",E24<>"Ρεπό"),"Οδυσσέας",IF(=IFERROR(INDEX(E20:E25,MATCH(Παράμετροι!$B$14,$A20:$A25,0)),"Ρεπό")<>"Ρεπό",Παράμετροι!$B$14,"")) | F29: =IF(AND(F20<>"Ρεπό",F24<>"Ρεπό"),"Οδυσσέας",IF(=IFERROR(INDEX(F20:F25,MATCH(Παράμετροι!$B$14,$A20:$A25,0)),"Ρεπό")<>"Ρεπό",Παράμετροι!$B$14,"")) | G29: =IF(AND(G20<>"Ρεπό",G24<>"Ρεπό"),"Οδυσσέας",IF(=IFERROR(INDEX(G20:G25,MATCH(Παράμετροι!$B$14,$A20:$A25,0)),"Ρεπό")<>"Ρεπό",Παράμετροι!$B$14,"")) | H29: =IF(AND(H20<>"Ρεπό",H24<>"Ρεπό"),"Οδυσσέας",IF(=IFERROR(INDEX(H20:H25,MATCH(Παράμετροι!$B$14,$A20:$A25,0)),"Ρεπό")<>"Ρεπό",Παράμετροι!$B$14,"")) | I29: =IF(AND(I20<>"Ρεπό",I24<>"Ρεπό"),"Οδυσσέας",IF(=IFERROR(INDEX(I20:I25,MATCH(Παράμετροι!$B$14,$A20:$A25,0)),"Ρεπό")<>"Ρεπό",Παράμετροι!$B$14,""))
A30: Main Pool | C30: =TEXTJOIN(" / ",TRUE,IF(C34="Main Pool",$A34,""),IF(C35="Main Pool",$A35,""),IF(C36="Main Pool",$A36,""),IF(C37="Main Pool",$A37,"")) | D30: =TEXTJOIN(" / ",TRUE,IF(D34="Main Pool",$A34,""),IF(D35="Main Pool",$A35,""),IF(D36="Main Pool",$A36,""),IF(D37="Main Pool",$A37,"")) | E30: =TEXTJOIN(" / ",TRUE,IF(E34="Main Pool",$A34,""),IF(E35="Main Pool",$A35,""),IF(E36="Main Pool",$A36,""),IF(E37="Main Pool",$A37,"")) | F30: =TEXTJOIN(" / ",TRUE,IF(F34="Main Pool",$A34,""),IF(F35="Main Pool",$A35,""),IF(F36="Main Pool",$A36,""),IF(F37="Main Pool",$A37,"")) | G30: =TEXTJOIN(" / ",TRUE,IF(G34="Main Pool",$A34,""),IF(G35="Main Pool",$A35,""),IF(G36="Main Pool",$A36,""),IF(G37="Main Pool",$A37,"")) | H30: =TEXTJOIN(" / ",TRUE,IF(H34="Main Pool",$A34,""),IF(H35="Main Pool",$A35,""),IF(H36="Main Pool",$A36,""),IF(H37="Main Pool",$A37,"")) | I30: =TEXTJOIN(" / ",TRUE,IF(I34="Main Pool",$A34,""),IF(I35="Main Pool",$A35,""),IF(I36="Main Pool",$A36,""),IF(I37="Main Pool",$A37,""))
A31: Splash Pool | C31: =TEXTJOIN(" / ",TRUE,IF(C34="Splash Pool",$A34,""),IF(C35="Splash Pool",$A35,""),IF(C36="Splash Pool",$A36,""),IF(C37="Splash Pool",$A37,"")) | D31: =TEXTJOIN(" / ",TRUE,IF(D34="Splash Pool",$A34,""),IF(D35="Splash Pool",$A35,""),IF(D36="Splash Pool",$A36,""),IF(D37="Splash Pool",$A37,"")) | E31: =TEXTJOIN(" / ",TRUE,IF(E34="Splash Pool",$A34,""),IF(E35="Splash Pool",$A35,""),IF(E36="Splash Pool",$A36,""),IF(E37="Splash Pool",$A37,"")) | F31: =TEXTJOIN(" / ",TRUE,IF(F34="Splash Pool",$A34,""),IF(F35="Splash Pool",$A35,""),IF(F36="Splash Pool",$A36,""),IF(F37="Splash Pool",$A37,"")) | G31: =TEXTJOIN(" / ",TRUE,IF(G34="Splash Pool",$A34,""),IF(G35="Splash Pool",$A35,""),IF(G36="Splash Pool",$A36,""),IF(G37="Splash Pool",$A37,"")) | H31: =TEXTJOIN(" / ",TRUE,IF(H34="Splash Pool",$A34,""),IF(H35="Splash Pool",$A35,""),IF(H36="Splash Pool",$A36,""),IF(H37="Splash Pool",$A37,"")) | I31: =TEXTJOIN(" / ",TRUE,IF(I34="Splash Pool",$A34,""),IF(I35="Splash Pool",$A35,""),IF(I36="Splash Pool",$A36,""),IF(I37="Splash Pool",$A37,""))
A34: Γιώτα | C34: =IF(C21="Ρεπό","",IF(MOD(WEEKDAY(C$4,2)-1+0,2)=0,"Main Pool","Splash Pool")) | D34: =IF(D21="Ρεπό","",IF(MOD(WEEKDAY(D$4,2)-1+0,2)=0,"Main Pool","Splash Pool")) | E34: =IF(E21="Ρεπό","",IF(MOD(WEEKDAY(E$4,2)-1+0,2)=0,"Main Pool","Splash Pool")) | F34: =IF(F21="Ρεπό","",IF(MOD(WEEKDAY(F$4,2)-1+0,2)=0,"Main Pool","Splash Pool")) | G34: =IF(G21="Ρεπό","",IF(MOD(WEEKDAY(G$4,2)-1+0,2)=0,"Main Pool","Splash Pool")) | H34: =IF(H21="Ρεπό","",IF(MOD(WEEKDAY(H$4,2)-1+0,2)=0,"Main Pool","Splash Pool")) | I34: =IF(I21="Ρεπό","",IF(MOD(WEEKDAY(I$4,2)-1+0,2)=0,"Main Pool","Splash Pool"))
A35: ΒΟΗΘΗΤΙΚΟΣ ΠΙΝΑΚΑΣ ΩΡΩΝ | C35: =IF(C22="Ρεπό","",IF(MOD(WEEKDAY(C$4,2)-1+1,2)=0,"Main Pool","Splash Pool")) | D35: =IF(D22="Ρεπό","",IF(MOD(WEEKDAY(D$4,2)-1+1,2)=0,"Main Pool","Splash Pool")) | E35: =IF(E22="Ρεπό","",IF(MOD(WEEKDAY(E$4,2)-1+1,2)=0,"Main Pool","Splash Pool")) | F35: =IF(F22="Ρεπό","",IF(MOD(WEEKDAY(F$4,2)-1+1,2)=0,"Main Pool","Splash Pool")) | G35: =IF(G22="Ρεπό","",IF(MOD(WEEKDAY(G$4,2)-1+1,2)=0,"Main Pool","Splash Pool")) | H35: =IF(H22="Ρεπό","",IF(MOD(WEEKDAY(H$4,2)-1+1,2)=0,"Main Pool","Splash Pool")) | I35: =IF(I22="Ρεπό","",IF(MOD(WEEKDAY(I$4,2)-1+1,2)=0,"Main Pool","Splash Pool"))
A36: Γιάννης | C36: =IF(C20="Ρεπό","",IF(C12="Άνοιγμα",Παράμετροι!$B$17,Παράμετροι!$B$19)) | D36: =IF(D20="Ρεπό","",IF(D12="Άνοιγμα",Παράμετροι!$B$17,Παράμετροι!$B$19)) | E36: =IF(E20="Ρεπό","",IF(E12="Άνοιγμα",Παράμετροι!$B$17,Παράμετροι!$B$19)) | F36: =IF(F20="Ρεπό","",IF(F12="Άνοιγμα",Παράμετροι!$B$17,Παράμετροι!$B$19)) | G36: =IF(G20="Ρεπό","",IF(G12="Άνοιγμα",Παράμετροι!$B$17,Παράμετροι!$B$19)) | H36: =IF(H20="Ρεπό","",IF(H12="Άνοιγμα",Παράμετροι!$B$17,Παράμετροι!$B$19)) | I36: =IF(I20="Ρεπό","",IF(I12="Άνοιγμα",Παράμετροι!$B$17,Παράμετροι!$B$19))
A37: Γιώτα | C37: =IF(C21="Ρεπό","",IF(C21="Άνοιγμα",Παράμετροι!$B$17,Παράμετροι!$B$18)) | D37: =IF(D21="Ρεπό","",IF(D21="Άνοιγμα",Παράμετροι!$B$17,Παράμετροι!$B$18)) | E37: =IF(E21="Ρεπό","",IF(E21="Άνοιγμα",Παράμετροι!$B$17,Παράμετροι!$B$18)) | F37: =IF(F21="Ρεπό","",IF(F21="Άνοιγμα",Παράμετροι!$B$17,Παράμετροι!$B$18)) | G37: =IF(G21="Ρεπό","",IF(G21="Άνοιγμα",Παράμετροι!$B$17,Παράμετροι!$B$18)) | H37: =IF(H21="Ρεπό","",IF(H21="Άνοιγμα",Παράμετροι!$B$17,Παράμετροι!$B$18)) | I37: =IF(I21="Ρεπό","",IF(I21="Άνοιγμα",Παράμετροι!$B$17,Παράμετροι!$B$18))
A38: Ραφαήλ | C38: =IF(C22="Ρεπό","",IF(C22="Άνοιγμα",Παράμετροι!$B$17,Παράμετροι!$B$18)) | D38: =IF(D22="Ρεπό","",IF(D22="Άνοιγμα",Παράμετροι!$B$17,Παράμετροι!$B$18)) | E38: =IF(E22="Ρεπό","",IF(E22="Άνοιγμα",Παράμετροι!$B$17,Παράμετροι!$B$18)) | F38: =IF(F22="Ρεπό","",IF(F22="Άνοιγμα",Παράμετροι!$B$17,Παράμετροι!$B$18)) | G38: =IF(G22="Ρεπό","",IF(G22="Άνοιγμα",Παράμετροι!$B$17,Παράμετροι!$B$18)) | H38: =IF(H22="Ρεπό","",IF(H22="Άνοιγμα",Παράμετροι!$B$17,Παράμετροι!$B$18)) | I38: =IF(I22="Ρεπό","",IF(I22="Άνοιγμα",Παράμετροι!$B$17,Παράμετροι!$B$18))
A39: Άρης | C39: =IF(C23="Ρεπό","",IF(C23="Άνοιγμα",Παράμετροι!$B$17,Παράμετροι!$B$18)) | D39: =IF(D23="Ρεπό","",IF(D23="Άνοιγμα",Παράμετροι!$B$17,Παράμετροι!$B$18)) | E39: =IF(E23="Ρεπό","",IF(E23="Άνοιγμα",Παράμετροι!$B$17,Παράμετροι!$B$18)) | F39: =IF(F23="Ρεπό","",IF(F23="Άνοιγμα",Παράμετροι!$B$17,Παράμετροι!$B$18)) | G39: =IF(G23="Ρεπό","",IF(G23="Άνοιγμα",Παράμετροι!$B$17,Παράμετροι!$B$18)) | H39: =IF(H23="Ρεπό","",IF(H23="Άνοιγμα",Παράμετροι!$B$17,Παράμετροι!$B$18)) | I39: =IF(I23="Ρεπό","",IF(I23="Άνοιγμα",Παράμετροι!$B$17,Παράμετροι!$B$18))
A40: Οδυσσέας | C40: =IF(C24="Ρεπό","",IF(C24="Άνοιγμα",Παράμετροι!$B$17,Παράμετροι!$B$18)) | D40: =IF(D24="Ρεπό","",IF(D24="Άνοιγμα",Παράμετροι!$B$17,Παράμετροι!$B$18)) | E40: =IF(E24="Ρεπό","",IF(E24="Άνοιγμα",Παράμετροι!$B$17,Παράμετροι!$B$18)) | F40: =IF(F24="Ρεπό","",IF(F24="Άνοιγμα",Παράμετροι!$B$17,Παράμετροι!$B$18)) | G40: =IF(G24="Ρεπό","",IF(G24="Άνοιγμα",Παράμετροι!$B$17,Παράμετροι!$B$18)) | H40: =IF(H24="Ρεπό","",IF(H24="Άνοιγμα",Παράμετροι!$B$17,Παράμετροι!$B$18)) | I40: =IF(I24="Ρεπό","",IF(I24="Άνοιγμα",Παράμετροι!$B$17,Παράμετροι!$B$18))
A41: Κώστας | C41: =IF(C25="Ρεπό","",IF(C25="Άνοιγμα",Παράμετροι!$B$17,Παράμετροι!$B$18)) | D41: =IF(D25="Ρεπό","",IF(D25="Άνοιγμα",Παράμετροι!$B$17,Παράμετροι!$B$18)) | E41: =IF(E25="Ρεπό","",IF(E25="Άνοιγμα",Παράμετροι!$B$17,Παράμετροι!$B$18)) | F41: =IF(F25="Ρεπό","",IF(F25="Άνοιγμα",Παράμετροι!$B$17,Παράμετροι!$B$18)) | G41: =IF(G25="Ρεπό","",IF(G25="Άνοιγμα",Παράμετροι!$B$17,Παράμετροι!$B$18)) | H41: =IF(H25="Ρεπό","",IF(H25="Άνοιγμα",Παράμετροι!$B$17,Παράμετροι!$B$18)) | I41: =IF(I25="Ρεπό","",IF(I25="Άνοιγμα",Παράμετροι!$B$17,Παράμετροι!$B$18))
A46: Έλεγχος Ανοίγματος (≥1) | C46: =COUNTIF(C20:C25,"Άνοιγμα") | D46: =COUNTIF(D20:D25,"Άνοιγμα") | E46: =COUNTIF(E20:E25,"Άνοιγμα") | F46: =COUNTIF(F20:F25,"Άνοιγμα") | G46: =COUNTIF(G20:G25,"Άνοιγμα") | H46: =COUNTIF(H20:H25,"Άνοιγμα") | I46: =COUNTIF(I20:I25,"Άνοιγμα")
A47: Έλεγχος Κλεισίματος (≥3) | C47: =COUNTIF(C20:C25,"Κλείσιμο") | D47: =COUNTIF(D20:D25,"Κλείσιμο") | E47: =COUNTIF(E20:E25,"Κλείσιμο") | F47: =COUNTIF(F20:F25,"Κλείσιμο") | G47: =COUNTIF(G20:G25,"Κλείσιμο") | H47: =COUNTIF(H20:H25,"Κλείσιμο") | I47: =COUNTIF(I20:I25,"Κλείσιμο")
